data/images/cards/card_00001.jpg,a painting of a woman flying through the air with a bunch of dandelions . 
data/images/cards/card_00002.jpg,a painting of a house hanging over a river . 
data/images/cards/card_00003.jpg,a painting of a house in the middle of a forest . 
data/images/cards/card_00004.jpg,a man sitting on a window ledge in a room . 
data/images/cards/card_00005.jpg,an oil painting of a vase of flowers in front of a castle . 
data/images/cards/card_00006.jpg,an image of a man that is looking at a plant . 
data/images/cards/card_00007.jpg,an open book with a white bird flying above it . 
data/images/cards/card_00008.jpg,a painting of a fish in the middle of a forest . 
data/images/cards/card_00009.jpg,an illustration of a tomato sauce container with a tomato on it . 
data/images/cards/card_00010.jpg,a painting of a man walking across a bridge over a river . 
data/images/cards/card_00011.jpg,an illustration of a fish swimming in the water . 
data/images/cards/card_00012.jpg,an illustration of a house in the middle of the ocean . 
data/images/cards/card_00013.jpg,an illustration of a watermelon with a bunch of ants on it . 
data/images/cards/card_00014.jpg,a boy is walking down the street holding a banana . 
data/images/cards/card_00015.jpg,a painting of an alley with a clock on the wall . 
data/images/cards/card_00016.jpg,an oil painting of a grand piano in a room with a painting on the wall . 
data/images/cards/card_00017.jpg,an image of an old man sitting on a throne . 
data/images/cards/card_00018.jpg,an image of a woman in a red dress on a spiral stair case . 
data/images/cards/card_00019.jpg,a couple of foxes sitting in front of a table with a cake on it . 
data/images/cards/card_00020.jpg,a boat is in the water surrounded by gears . 
data/images/cards/card_00021.jpg,there is no image here to provide a caption for 
data/images/cards/card_00022.jpg,a painting of a santa claus holding a present . 
data/images/cards/card_00023.jpg,a cat sitting on top of a building under a large ball of yarn . 
data/images/cards/card_00024.jpg,a painting of two children and a shadow of an animal on the wall . 
data/images/cards/card_00025.jpg,a child standing next to a moon with a face on it . 
data/images/cards/card_00026.jpg,a painting of a bird in a bird cage with two birds . 
data/images/cards/card_00027.jpg,a painting of a person sitting on the moon . 
data/images/cards/card_00028.jpg,an animated woman holding an umbrella in the rain . 
data/images/cards/card_00029.jpg,a man walking on a rope with a heart and brain on it . 
data/images/cards/card_00030.jpg,a man standing next to a tree with a pencil in it . 
data/images/cards/card_00031.jpg,a man and a woman standing on top of an island . 
data/images/cards/card_00032.jpg,a little girl that is sitting on top of a boat . 
data/images/cards/card_00033.jpg,there is a painting of a bunch of presents on the ground . 
data/images/cards/card_00034.jpg,a painting of a bird sitting on top of a snow covered tree . 
data/images/cards/card_00035.jpg,a painting of a chess board with a chess piece on top of it . 
data/images/cards/card_00036.jpg,an oil painting of an onion in the middle of a forest . 
data/images/cards/card_00037.jpg,a house in the middle of the woods in the night . 
data/images/cards/card_00038.jpg,a painting of a fish inside a cage . 
data/images/cards/card_00039.jpg,a painting of a woman playing a violin in a blue room . 
data/images/cards/card_00040.jpg,an artist 's rendering of a room with a telescope . 
data/images/cards/card_00041.jpg,a painting of a pier with lights on it . 
data/images/cards/card_00042.jpg,there is a girl that is holding onto a string 
data/images/cards/card_00043.jpg,an image of a man on a boat in the ocean . 
data/images/cards/card_00044.jpg,a painting of an elephant with a girl riding on it 's back . 
data/images/cards/card_00045.jpg,there is a painting of a group of people standing in front of a building . 
data/images/cards/card_00046.jpg,a painting of an upside - down building in the shape of a tower . 
data/images/cards/card_00047.jpg,a painting of a girl flying over a castle . 
data/images/cards/card_00048.jpg,a painting of a person peeking out of a bird cage . 
data/images/cards/card_00049.jpg,a painting of a creepy looking creature with blue butterflies flying around it . 
data/images/cards/card_00050.jpg,an illustration of an open letter with a flower on it . 
data/images/cards/card_00051.jpg,an artistic painting of a forest with many trees . 
data/images/cards/card_00052.jpg,a cartoon of a girl doing a yoga pose in the middle of the day . 
data/images/cards/card_00053.jpg,there is a painting of some buildings and a sky background . 
data/images/cards/card_00054.jpg,a group of people standing in front of a house . 
data/images/cards/card_00055.jpg,a boy in a graduation cap is looking at a stuffed animal . 
data/images/cards/card_00056.jpg,a man and a woman standing next to each other holding a bouquet of flowers . 
data/images/cards/card_00057.jpg,a woman standing on a lush green hillside . 
data/images/cards/card_00058.jpg,an artistic painting of a tree in the middle of a forest . 
data/images/cards/card_00059.jpg,an open book flying through the air over a stack of books . 
data/images/cards/card_00060.jpg,a person sitting at a table in the middle of the night . 
data/images/cards/card_00061.jpg,an illustration of a woman in a dress next to a house . 
data/images/cards/card_00062.jpg,a painting of a man 's head and a castle . 
data/images/cards/card_00063.jpg,there is an umbrella that is on top of a sign . 
data/images/cards/card_00064.jpg,there is a painting of a cat and a dog and a pig and rabbit . 
data/images/cards/card_00065.jpg,a painting of an old boat on the beach . 
data/images/cards/card_00066.jpg,a painting of a boy spraying a ship with a hose . 
data/images/cards/card_00067.jpg,a man and a woman standing in the middle of a maze . 
data/images/cards/card_00068.jpg,a painting of a woman standing on a bench with an open red umbrella . 
data/images/cards/card_00069.jpg,a painting of a man playing a violin and a dragon head . 
data/images/cards/card_00070.jpg,an illustration of a woman riding a boat in the middle of a city . 
data/images/cards/card_00071.jpg,a painting of a balloon with a city in the background . 
data/images/cards/card_00072.jpg,a painting of a blue bird flying over a city at night . 
data/images/cards/card_00073.jpg,a painting of a dog climbing a ladder to the top of a clothes line . 
data/images/cards/card_00074.jpg,a painting of a man wearing a top hat with birds in a cage on his head . 
data/images/cards/card_00075.jpg,two people are jumping in the air over a car . 
data/images/cards/card_00076.jpg,an illustration of a person looking out of a window in the snow . 
data/images/cards/card_00077.jpg,a painting of a woman sitting on a window ledge . 
data/images/cards/card_00078.jpg,a man standing in front of a brick wall with a flashlight . 
data/images/cards/card_00079.jpg,a red dragon is standing next to a window . 
data/images/cards/card_00080.jpg,a girl and a large snowman playing chess in the snow .
data/images/cards/card_00081.jpg,a girl and a cat in a book store . 
data/images/cards/card_00082.jpg,a man and a dog are flying in the air . 
data/images/cards/card_00083.jpg,a bird and a fish in an hourglass . 
data/images/cards/card_00084.jpg,an oil painting of a building made out of cubes . 
data/images/cards/card_00085.jpg,a black dog is looking into a door way . 
data/images/cards/card_00086.jpg,a cartoon of a boy in a yellow raincoat . 
data/images/cards/card_00087.jpg,a painting of a man riding a bicycle in front of the moon . 
data/images/cards/card_00088.jpg,a woman with long black hair is swimming in the ocean . 
data/images/cards/card_00089.jpg,there is an animal that is holding a bow and arrow . 
data/images/cards/card_00090.jpg,a painting of a boat in the water with trees in the background . 
data/images/cards/card_00091.jpg,an old man sitting on a park bench with a bird in front of him . 
data/images/cards/card_00092.jpg,a girl flying through the air while holding an umbrella . 
data/images/cards/card_00093.jpg,a girl looking out of a window into a room . 
data/images/cards/card_00094.jpg,a bunch of people that are in the air . 
data/images/cards/card_00095.jpg,a person standing in the middle of a forest with yellow leaves falling from the trees . 
data/images/cards/card_00096.jpg,a group of men in suits and hats standing in front of a woman . 
data/images/cards/card_00097.jpg,an illustration of a wooden raft in the middle of the ocean . 
data/images/cards/card_00098.jpg,there is a man that is holding a fishing rod 